Mode,Percentage,Layer,Capacity,Radius,Dimension,Correlation,NormedCapacity,NormedRadius,NormedDimension,NormedCorrelation
FinalTrain_1,0,1,0.13585302409949837,1.2782883935698126,10.67758847537658,0.3817118767333266,1.0,1.0,1.0,1.0
FinalTrain_1,0,2,0.1370091555857372,1.2640958626150647,10.786604278383532,0.3422903444830092,1.0085101637884195,0.9888972386621511,1.0102097775409073,0.8967243760197217
FinalTrain_1,0,3,0.13679746572778398,1.2606884322806595,10.910582163544204,0.35347467385266307,1.0069519367312272,0.9862316192670713,1.0218208155057602,0.9260248250006883
FinalTrain_1,0,4,0.12752865791101287,1.2443494041017282,11.721616766517583,0.3723484539979284,0.938725205098204,0.9734496615640038,1.0977775359622277,0.9754699203610587
FinalTrain_1,0,5,0.12635817850118705,1.2093710525414922,11.858201445029936,0.37460794578864276,0.9301094277345102,0.9460862342371283,1.1105692518845383,0.9813892850139246
FinalTrain_1,0,6,0.12549246714620707,1.200311269216042,12.129007998394117,0.4145179224409416,0.923737016367753,0.9389988012517209,1.1359313974653202,1.085944524410316
FinalTrain_1,0,7,0.11790673100588905,1.2120346537480216,12.818025270826983,0.3943645413053829,0.8678992005325881,0.9481699590209315,1.200460693946618,1.033147159790618
FinalTrain_1,0,8,0.11176752198710534,1.2028372611959899,13.382558942129675,0.37805436824420274,0.8227091205952627,0.9409748748769329,1.253331590086187,0.9904181433377848
FinalTrain_1,0,9,0.11001085397319381,1.208156797978023,13.73806712990549,0.3136194183749332,0.8097784698014685,0.9451363276514335,1.2866263914915461,0.8216129428795202
FinalTrain_1,0,10,0.10325759496248514,1.2287332460742453,14.362126834699321,0.28540678618267173,0.7600684316519857,0.9612332023471033,1.3450721450653016,0.7477021376048616
FinalTrain_1,0,11,0.10606664302658006,1.2055360608835546,14.168904348292527,0.3084844055420509,0.7807455426895551,0.9430861352944885,1.3269760658942058,0.8081603543019066
FinalTrain_1,0,12,0.10148051760969508,1.2428330004055446,14.490562664684571,0.46626039865468794,0.7469875498345259,0.9722633848960691,1.3571006878660878,1.221498274156214
FinalTrain_1,10,1,0.21841678558979882,1.169145262588476,6.48023810685198,0.3409048764227294,1.0,1.0,1.0,1.0
FinalTrain_1,10,2,0.21700586258341364,1.1706477594259883,6.5891276375357215,0.3151626185458848,0.9935402263036918,1.0012851241719833,1.0168033224841855,0.9244884433834745
FinalTrain_1,10,3,0.21377757240208412,1.160691312193764,6.75227855381772,0.3202631244995424,0.978759813833963,0.9927691188894741,1.0419800079071315,0.9394501124777378
FinalTrain_1,10,4,0.2127374125459107,1.119043685205084,6.886032962533734,0.3366507358066661,0.9739975431441685,0.9571468328302785,1.0626203619358803,0.9875210332550712
FinalTrain_1,10,5,0.20488967278627435,1.1354029484955381,7.196246741350019,0.3369927337583648,0.938067430270999,0.971139331293844,1.1104910996620567,0.9885242396488532
FinalTrain_1,10,6,0.2053507413084376,1.1088925912469483,7.261612783498111,0.36378547774929937,0.9401783876359205,0.9484643411990321,1.120578081200432,1.0671172602946213
FinalTrain_1,10,7,0.1916229835021253,1.1136473459356033,7.711309351681916,0.3451567828532515,0.8773271842852131,0.9525312051215938,1.189973149833529,1.012472413052988
FinalTrain_1,10,8,0.18297911014651583,1.1150084792095727,8.048518580795234,0.3348013607977294,0.8377520512098493,0.9536954174034414,1.242009699039455,0.9820961328302282
FinalTrain_1,10,9,0.17792156589263028,1.1063420413858729,8.288154213974575,0.27392407768352495,0.8145965769626275,0.9462827903321804,1.2789891478232827,0.8035205613892515
FinalTrain_1,10,10,0.17416770621173916,1.1041875619675723,8.456620008249192,0.25365621671063543,0.797409895679161,0.9444400086973898,1.3049860003303666,0.744067434213221
FinalTrain_1,10,11,0.17083413213412235,1.1125012415236775,8.56591710851702,0.2701040672454101,0.7821474511348233,0.9515509125535101,1.321852217044265,0.7923150589094984
FinalTrain_1,10,12,0.16832881564734964,1.1185102930599642,8.662860494415963,0.31678368771984383,0.7706771033774038,0.9566906088158742,1.336812066404806,0.9292436384131544
FinalTrain_1,20,1,0.21787165329284502,1.1727677064124178,6.4710043059203235,0.3391844418468314,1.0,1.0,1.0,1.0
FinalTrain_1,20,2,0.21716230587193738,1.1679091258720695,6.599195616276093,0.3147319792828443,0.9967441959053104,0.995857167183422,1.01981011050147,0.9279080655031067
FinalTrain_1,20,3,0.21943221095748677,1.1549849550443438,6.627138402017827,0.32008997512010984,1.007162738433642,0.984836936359313,1.024128263360087,0.9437047683474108
FinalTrain_1,20,4,0.2135828851633177,1.125661466594926,6.900734824648838,0.33669120249227863,0.9803151623228253,0.9598332734096224,1.0664086281530294,0.9926493109737662
FinalTrain_1,20,5,0.20501274351325946,1.1273046469252042,7.1877882224269145,0.336915123738132,0.9409794271754036,0.9612343866235127,1.1107685735660546,0.9933094864365147
FinalTrain_1,20,6,0.20206937624907892,1.1107242295491757,7.353460803270399,0.3620350213051933,0.9274697887268244,0.9470965336749956,1.1363708716037657,1.0673691851369786
FinalTrain_1,20,7,0.19065362628016805,1.1095071592897665,7.7319707584114905,0.3438555931941346,0.8750731148301667,0.946058757606679,1.194864103449523,1.0137717146513832
FinalTrain_1,20,8,0.18577928047749093,1.1104788226942752,7.953167636217655,0.3375207555836765,0.8527005586531342,0.9468872792305232,1.2290468774593921,0.995095039577593
FinalTrain_1,20,9,0.17790344118225326,1.1040605868126894,8.290348477887939,0.28445281668239536,0.8165515728800672,0.9414145536033657,1.281153293361758,0.8386375717399452
FinalTrain_1,20,10,0.17587448912791695,1.0991905443483765,8.3817099038188,0.2598003665851636,0.8072389706040419,0.937261947390145,1.2952718786093793,0.7659560243110561
FinalTrain_1,20,11,0.17132012204659153,1.1044060240430953,8.555670298333467,0.27253447013162035,0.7863350713932354,0.9417091023264565,1.322154938222786,0.8034993251686091
FinalTrain_1,20,12,0.172496054548651,1.1080880711280188,8.527857738745622,0.2758398080030313,0.7917324348606107,0.9448487241499353,1.3178569099302688,0.8132442823765921
FinalTrain_1,30,1,0.22764993629901253,1.1604878179051579,6.267948652076066,0.33996601580373487,1.0,1.0,1.0,1.0
FinalTrain_1,30,2,0.2290108098662192,1.1424887037022167,6.319315229697217,0.31451062735036317,1.0059779220206728,0.9844900446818717,1.0081951178084616,0.9251237262842551
FinalTrain_1,30,3,0.21742354159234362,1.155708385173732,6.689669335847671,0.31409235988975637,0.9550784205217752,0.9958815313201189,1.0672820897522706,0.9238934048957541
FinalTrain_1,30,4,0.21441594037672604,1.1269939149528467,6.865743436333532,0.3332003992936399,0.9418669025898432,0.9711380831099353,1.0953732740071929,0.9800991387503838
FinalTrain_1,30,5,0.2069325082822734,1.1236069585531248,7.123507686334657,0.3332283545402225,0.9089943605803283,0.9682195204611383,1.136497454230933,0.9801813682829931
FinalTrain_1,30,6,0.20064358531261248,1.1208427708572684,7.377130396930468,0.3646366745131263,0.8813689499524925,0.9658376017083451,1.1769608856778078,1.0725680143383332
FinalTrain_1,30,7,0.191571392749429,1.111491593880564,7.707202945806501,0.34830030983685084,0.8415174450029484,0.957779630885709,1.2296212642478694,1.024515079877653
FinalTrain_1,30,8,0.18617739500370595,1.1042390285618409,7.927677572992405,0.3427942154255319,0.8178231807592802,0.9515300475580571,1.2647961897975353,1.008319065701643
FinalTrain_1,30,9,0.17985101575809542,1.1013776833588482,8.214107054849283,0.30077527355367767,0.7900332355984743,0.9490644075411221,1.310493673576699,0.8847215885464201
FinalTrain_1,30,10,0.18546564111011898,1.084906313179778,8.02237503791599,0.2702471389019961,0.8146966527876137,0.9348709193157969,1.2799043966735153,0.7949239816311874
FinalTrain_1,30,11,0.1714278763721494,1.1151922183379552,8.51251330582788,0.2775651857144389,0.7530328325986577,0.9609684833667901,1.3581019530222813,0.8164498003079211
FinalTrain_1,30,12,0.17150463587896228,1.1165525142114794,8.50600920945741,0.2765601094214711,0.7533700148006859,0.9621406592849998,1.3570642775830744,0.8134933980610917
FinalTrain_1,40,1,0.22650227762661174,1.1680005456345042,6.255154385281784,0.3517446699035547,1.0,1.0,1.0,1.0
FinalTrain_1,40,2,0.2165104171384667,1.1704414318031093,6.590878683005444,0.32345781433203213,0.955886269255903,1.0020897988256325,1.0536716245587177,0.9195812815606316
FinalTrain_1,40,3,0.21749158417075715,1.1655061197992505,6.641967411658731,0.3241627277975578,0.9602180889734421,0.9978643624400889,1.061839085424831,0.921585330309171
FinalTrain_1,40,4,0.20998048333790353,1.1367997276239892,6.942086796928526,0.3392056666094715,0.9270568293536353,0.9732869833604697,1.1098186182683316,0.9643519735564968
FinalTrain_1,40,5,0.21145815195152481,1.1261957615904552,7.018750671816679,0.33521524366921185,0.9335806869903219,0.9642082495592167,1.122074730614422,0.9530073156790831
FinalTrain_1,40,6,0.20223702382428588,1.12458325428927,7.304497790278601,0.36732523753860674,0.8928697139093362,0.9628276788846463,1.1677565956590767,1.0442951065593236
FinalTrain_1,40,7,0.1875067552085713,1.1201770281225207,7.7746538225206505,0.34824749927612386,0.8278360693470622,0.9590552267370699,1.2429195737860936,0.9900576442895646
FinalTrain_1,40,8,0.190615022147349,1.1021766683752663,7.763143252358262,0.3389663853380233,0.8415589641953942,0.9436439670295875,1.2410794001543328,0.963671703770138
FinalTrain_1,40,9,0.1749369457568031,1.1093960832539516,8.297340450320158,0.30220548742779113,0.7723407799244566,0.9498249700313998,1.3264805213830668,0.8591615262020977
FinalTrain_1,40,10,0.1744005970947812,1.1166902097462514,8.380646488947017,0.27553107148857525,0.7699728184732871,0.9560699384259458,1.339798504201025,0.7833269273536496
FinalTrain_1,40,11,0.1754366059979987,1.0995445151683088,8.37500237894037,0.2763568823191918,0.7745467632215398,0.9413904122544674,1.3388961907393575,0.7856746838408851
FinalTrain_1,40,12,0.18952360989883363,1.0895540325630286,7.858097084739704,0.26677675057373884,0.8367404155258107,0.9328369208690221,1.25625949428676,0.758438644278211
FinalTrain_1,50,1,0.22433978456154557,1.2019520467970113,6.178931233244091,0.3425217844261182,1.0,1.0,1.0,1.0
FinalTrain_1,50,2,0.21713699473596548,1.1661853423835402,6.531412716172544,0.3110738355871797,0.9678933906455452,0.970242819163391,1.0570457041230723,0.9081870109615706
FinalTrain_1,50,3,0.21902389875486944,1.164431050921835,6.592149639118864,0.32041275907615535,0.9763043108155532,0.9687832838463372,1.066875385123492,0.9354522066764144
FinalTrain_1,50,4,0.21131919996086806,1.1663361965924857,6.891443544498119,0.34260869424366563,0.9419604301300136,0.9703683268401302,1.115313196466817,1.000253735153497
FinalTrain_1,50,5,0.21351488352464837,1.12703034901674,6.940129890524197,0.3151843460002717,0.9517477425680263,0.937666649863508,1.1231926086480264,0.9201877379225695
FinalTrain_1,50,6,0.21068591096678005,1.1226060609959532,7.085878187180928,0.36057595851028085,0.9391375291660775,0.9339857309511631,1.1467805547110235,1.0527095644862756
FinalTrain_1,50,7,0.20361395482214076,1.1056296779227937,7.336210311594936,0.34738541085778424,0.9076141140996823,0.9198617206643979,1.1872943774037188,1.0141994659983886
FinalTrain_1,50,8,0.19305442565440895,1.1089570003910556,7.657079636353036,0.3507217759808968,0.8605447581743854,0.9226299862346664,1.2392239607970001,1.0239400584944325
FinalTrain_1,50,9,0.1881206244310618,1.0906252447691152,7.849927172454142,0.3169948741081131,0.8385522202347155,0.9073783331668162,1.2704344612575882,0.9254736151723184
FinalTrain_1,50,10,0.18779579800513546,1.0903958029292513,7.928992821103112,0.2903001550077928,0.837104298607434,0.9071874421570831,1.283230468473784,0.8475377865211678
FinalTrain_1,50,11,0.17993409032490165,1.1102847763801462,8.165567716684631,0.28983751103687655,0.80206054702499,0.9237346692314872,1.3215178173131257,0.8461870871147303
FinalTrain_1,50,12,0.18276182742198285,1.1137929319665045,8.06683403505534,0.2871683016436456,0.8146652533306852,0.9266533843297367,1.3055387300078518,0.8383942706732794
FinalTrain_1,60,1,0.2337431949377929,1.215824236831194,5.87938935630454,0.3610854365956017,1.0,1.0,1.0,1.0
FinalTrain_1,60,2,0.2256053842300113,1.1641431898163872,6.3330920184557655,0.32474277821865705,0.9651848229851255,0.9574929949171739,1.0771683306982747,0.8993516362232944
FinalTrain_1,60,3,0.21778871283943216,1.166865794858392,6.590533624724395,0.3310273466544412,0.9317435440094555,0.9597323030009646,1.120955464134602,0.916756293954818
FinalTrain_1,60,4,0.21353905629214917,1.152683013481225,6.805355550618233,0.3311116592312972,0.9135626658520658,0.9480671453675457,1.1574935997937894,0.9169897915382456
FinalTrain_1,60,5,0.2069217295485511,1.1347139695421695,7.018900062980719,0.2960553890342599,0.8852524224442987,0.9332878348432809,1.193814465690092,0.8199039867836809
FinalTrain_1,60,6,0.2077103952017675,1.1266936096092188,7.088189245313054,0.3021097805046757,0.8886264913810492,0.9266911906162715,1.205599564130296,0.836671186057897
FinalTrain_1,60,7,0.20839623150432285,1.1066419635496247,7.102276046635896,0.2791383316085421,0.8915606358498875,0.9101989662863348,1.207995527464096,0.7730534198230864
FinalTrain_1,60,8,0.19977186912593167,1.121169154752478,7.339087213299936,0.29806358670784716,0.8546638937621172,0.9221473966291248,1.248273718329293,0.8254655449914032
FinalTrain_1,60,9,0.19321234955791244,1.1213501284266059,7.567426506249443,0.2891287994559311,0.8266009609791332,0.9222962451786483,1.2871109647015977,0.8007212979340993
FinalTrain_1,60,10,0.18791405714197035,1.1107183568729837,7.761917990722746,0.2721813012522163,0.8039338094611942,0.9135517480453029,1.3201911831880206,0.7537864274405678
FinalTrain_1,60,11,0.19492087737040154,1.0979575351186082,7.59698723689242,0.2694322755805308,0.833910383668182,0.9030561341499639,1.292138821992811,0.7461731996748513
FinalTrain_1,60,12,0.19601013276533213,1.1253525221758334,7.503716546221095,0.24829121111623484,0.8385704354622909,0.9255881632273121,1.2762748121409528,0.687624550735645
FinalTrain_1,70,1,0.2391684318061558,1.2504931653791536,5.591105672823862,0.3730772599233585,1.0,1.0,1.0,1.0
FinalTrain_1,70,2,0.2330028667165378,1.191564732585242,5.948637463019469,0.3299780614150795,0.9742208240315966,0.9528758457659829,1.063946527058758,0.8844764794371738
FinalTrain_1,70,3,0.2308137960410337,1.1967910529894665,6.012856853408016,0.3101697724079873,0.9650679828352369,0.9570552531781297,1.07543251822875,0.8313821444697693
FinalTrain_1,70,4,0.20848949466311403,1.1762724590301181,6.793067614557204,0.3107010058750143,0.8717266450619754,0.9406468516550976,1.214977503926567,0.8328060679411065
FinalTrain_1,70,5,0.22396855853607422,1.1588351623647115,6.425476746300017,0.3075906286193806,0.9364469919575299,0.9267025158137101,1.1492318554327636,0.8244689817936615
FinalTrain_1,70,6,0.22406235276630282,1.1364816352506766,6.519867816796637,0.31680499626444175,0.936839160060654,0.908826746690848,1.1661142175307324,0.8491672645218934
FinalTrain_1,70,7,0.21895805559653536,1.1408338688714765,6.618266087404483,0.32258664953493194,0.9154973084993057,0.9123071604518302,1.1837132894077174,0.864664465481496
FinalTrain_1,70,8,0.20562545844762395,1.152733792817505,6.960861570086254,0.364707274776224,0.8597516691261404,0.9218233451663788,1.244988375719713,0.9775650085216827
FinalTrain_1,70,9,0.19992850312339647,1.1467992287922941,7.103486483190313,0.4081405398775309,0.8359318226639417,0.9170775663092736,1.2704976258484133,1.0939839645047664
FinalTrain_1,70,10,0.20555273299290852,1.1420417088449366,7.001321159199256,0.4387198653054221,0.859447592814036,0.9132730513554354,1.2522247957554962,1.1759490926773415
FinalTrain_1,70,11,0.2047083854734087,1.1491510541869925,7.029984828368334,0.4851751176968943,0.8559172459654847,0.9189582846209049,1.257351450633153,1.3004682134648575
FinalTrain_1,70,12,0.21900342474646978,1.172064342231096,6.603185348732118,0.3056732785153569,0.9156870038934335,0.9372816858824832,1.1810160163538979,0.8193296974952362
FinalTrain_1,80,1,0.2367634264658027,1.2689881586912326,5.619009480493296,0.37153645386496226,1.0,1.0,1.0,1.0
FinalTrain_1,80,2,0.24354569134177134,1.2730109005438288,5.475685384808317,0.33049446547557765,1.0286457455748481,1.0031700389204143,0.9744929962865276,0.8895344239779452
FinalTrain_1,80,3,0.2450879767760859,1.282699785764796,5.470121119484671,0.3229924055565088,1.035159781367185,1.010805165501075,0.9735027389568394,0.8693424351676211
FinalTrain_1,80,4,0.24384366755080647,1.2628915160450374,5.5216315254945725,0.3383777612299102,1.0299042854324734,0.9951956662444487,0.982669907332106,0.9107525189248218
FinalTrain_1,80,5,0.24468136584103392,1.2913270350240882,5.476289740290778,0.3412921445589539,1.033442409131441,1.0176036917128484,0.9746005518057983,0.9185966572286851
FinalTrain_1,80,6,0.2285200893375262,1.2291587024087445,6.028802883599096,0.3400581201026653,0.9651832326836716,0.9686132167509222,1.072929829452757,0.9152752484047285
FinalTrain_1,80,7,0.22567749398656461,1.1674148054548297,6.259632391512043,0.3508724159410032,0.9531771750193043,0.9199572095762025,1.1140099359580555,0.9443822060823417
FinalTrain_1,80,8,0.2170985441182664,1.1726587591830757,6.448353900264294,0.4068494599079873,0.9169429052405751,0.924089599380103,1.147596195139039,1.0950458714768803
FinalTrain_1,80,9,0.2224148518667533,1.157038553272771,6.3565834660134035,0.4666967276331217,0.9393969971915327,0.9117804176093175,1.1312640578523023,1.2561263444764055
FinalTrain_1,80,10,0.212500701825586,1.1742172042072172,6.597117803578141,0.4919282786225978,0.8975233421715954,0.9253176999052874,1.1740713067810977,1.3240377182514447
FinalTrain_1,80,11,0.2138399160378847,1.1710792145972895,6.578610491031548,0.5433895588466598,0.9031796812113251,0.922844871779638,1.1707776101587941,1.462547088432294
FinalTrain_1,80,12,0.21496990391730342,1.2098188019428011,6.517492160691162,0.3552507214185112,0.9079523266164292,0.9533728062447362,1.1599005453393518,0.9561665288101979
FinalTrain_2,0,1,0.13342455522417945,1.3007859093897078,10.903692752711581,0.3850579933507084,1.0,1.0,1.0,1.0
FinalTrain_2,0,2,0.14001403616019312,1.2459079662538728,10.602017760175642,0.34454696479885055,1.0493873179861237,0.9578117023411007,0.9723327684136259,0.894792396856022
FinalTrain_2,0,3,0.13590953435517475,1.2555933854128842,10.995164629237616,0.35600692312591886,1.0186246011974336,0.9652575234321021,1.0083890731883733,0.9245540393227729
FinalTrain_2,0,4,0.12752272105108317,1.2203915740596551,11.76178609418833,0.3754824077786688,0.9557665066735277,0.9381955671953954,1.078697498263912,0.9751320950677729
FinalTrain_2,0,5,0.12718753691652968,1.2166093160442655,11.972647584530096,0.37740407707665063,0.9532543443958246,0.935287895772998,1.098036037520654,0.980122692149682
FinalTrain_2,0,6,0.12331612320040627,1.212344907852768,12.32276190502085,0.41765416034942193,0.9242385930626561,0.9320095636810566,1.1301457391080987,1.084652617428007
FinalTrain_2,0,7,0.11786750815728712,1.1949982168370947,12.855439603234357,0.3980260959636461,0.8834019192287849,0.9186740171545633,1.17899870207159,1.033678310376293
FinalTrain_2,0,8,0.11075823520412566,1.196993370271623,13.488639011242004,0.3829801876065056,0.8301188264636151,0.920207823309847,1.2370707169722466,0.9946039147866479
FinalTrain_2,0,9,0.11161027619647125,1.1895988920393001,13.59975536387665,0.3184017618847735,0.8365047648758811,0.9145231997457802,1.2472614253088339,0.8268930067237305
FinalTrain_2,0,10,0.10758248695999204,1.2139382885666652,13.974453744987477,0.29100139814722,0.8063169989904208,0.9332345006229433,1.2816257814594274,0.7557339496187987
FinalTrain_2,0,11,0.10525859948260555,1.2276992548675552,14.266288477550955,0.3148232842154504,0.7888997591616508,0.9438134638493717,1.3083905426446603,0.8175996594069178
FinalTrain_2,0,12,0.10116263925560312,1.2487781333952421,14.510563939494242,0.4706861571939321,0.758201060409233,0.9600181892969103,1.3307935456898936,1.2223773180192992
FinalTrain_2,10,1,0.21793808939258438,1.1715104681824249,6.471388287640638,0.34090482056809085,1.0,1.0,1.0,1.0
FinalTrain_2,10,2,0.21661723980065983,1.16935851613573,6.592378634501315,0.31516259061856555,0.9939393357278395,0.9981630961863844,1.0186961964701995,0.9244885129326481
FinalTrain_2,10,3,0.21901973142930833,1.1562191212746336,6.63504334022258,0.3202631244995424,1.0049630701991497,0.9869473237131926,1.0252890176431693,0.9394502663994287
FinalTrain_2,10,4,0.21231789800939538,1.1206557231382455,6.909397789552697,0.33665076373398534,0.9742119819493094,0.9565904476098455,1.0676840088159432,0.9875212769739763
FinalTrain_2,10,5,0.2036735123894779,1.1462717422895898,7.199784330130406,0.3369927337583648,0.9345475724648991,0.9784562523525783,1.1125563805035301,0.9885244016109632
FinalTrain_2,10,6,0.20052113161068846,1.1176891801076325,7.3905774897608945,0.36378547774929937,0.9200830023313559,0.9540582098610736,1.142038950726503,1.0671174351335946
FinalTrain_2,10,7,0.19361841305490946,1.1106388225225303,7.666441070694736,0.3451567549259323,0.8884101608605621,0.9480400326645517,1.184667142494983,1.01247249701766
FinalTrain_2,10,8,0.18325352883901141,1.113074537853731,8.021505550327431,0.3348013607977294,0.8408513140119638,0.9501191564943026,1.2395339599151052,0.9820962937391424
FinalTrain_2,10,9,0.1780449148767183,1.1150033985476928,8.284200178279423,0.2739241056108442,0.8169518021055777,0.9517656297835719,1.280127201469425,0.8035207749610914
FinalTrain_2,10,10,0.17345675623608584,1.104618865992321,8.474467914095056,0.2536561887833162,0.7958992240389344,0.9429014046337248,1.3095285798690204,0.7440674742017971
FinalTrain_2,10,11,0.17111918571691098,1.110716001463504,8.542746976648477,0.2701040672454101,0.7851733774203379,0.9481059125205751,1.320079494065256,0.79231518872424
FinalTrain_2,10,12,0.167654651339514,1.1161145857923178,8.673270051236294,0.31678368771984383,0.7692765032802873,0.9527141379487178,1.3402487481397019,0.929243790662593
FinalTrain_2,20,1,0.22737177736459713,1.1583442100030519,6.289396766388813,0.3391844418468314,1.0,1.0,1.0,1.0
FinalTrain_2,20,2,0.22324420276456386,1.1576922183528848,6.462286795886699,0.31473195135552506,0.981846583389219,0.9994371347959125,1.0274891274822775,0.9279079831664314
FinalTrain_2,20,3,0.21851487627088975,1.1542953502798974,6.641494552020919,0.3200900030474291,0.9610466118690488,0.9965046143553963,1.0559827593504283,0.943704850684086
FinalTrain_2,20,4,0.21268081245379214,1.1302297415647418,6.922479225920045,0.33669120249227863,0.9353879136580455,0.9757287443615434,1.1006586932016265,0.9926493109737662
FinalTrain_2,20,5,0.20441808314879178,1.1242906602024105,7.196715117661584,0.3369151516654513,0.899047742504126,0.9706015280202837,1.1442615858044725,0.9933095687731901
FinalTrain_2,20,6,0.20232867066511118,1.1112783672965871,7.348985127238962,0.36203507715983185,0.8898583325083104,0.9593679993390387,1.1684721763003885,1.0673693498103292
FinalTrain_2,20,7,0.19111283108164942,1.1075372722497088,7.736971663522084,0.3438555652668154,0.8405301365753699,0.9561383073229941,1.2301611666271814,1.013771632314708
FinalTrain_2,20,8,0.1852115456941356,1.1075811559627338,7.973439038663376,0.33752072765635727,0.8145757923031213,0.9561761921871355,1.2677589496776955,0.9950949572409179
FinalTrain_2,20,9,0.17863720281474335,1.1038091911953403,8.280596781223956,0.28445281668239536,0.7856612851659839,0.9529198503029009,1.3165963428283491,0.8386375717399452
FinalTrain_2,20,10,0.17373177299051273,1.1097127447928317,8.471840034735113,0.2598003945124828,0.7640867965417224,0.9580163954805004,1.3470035918244978,0.7659561066477314
FinalTrain_2,20,11,0.17264654139979915,1.1033837652131433,8.530134396924083,0.2725344980589396,0.7593138576867238,0.9525525795223133,1.3562722648553522,0.8034994075052844
FinalTrain_2,20,12,0.1715412581405378,1.1100830685644636,8.533806110764912,0.2758398080030313,0.7544527299246402,0.95833609645404,1.3568560591328018,0.8132442823765921
FinalTrain_2,30,1,0.2199427932321544,1.170284020284678,6.429870537385141,0.33996601580373487,1.0,1.0,1.0,1.0
FinalTrain_2,30,2,0.21773083669351762,1.160274455441186,6.576176110515572,0.31451065527768246,0.9899430369773379,0.9914468926602473,1.0227540464897027,0.9251238084316404
FinalTrain_2,30,3,0.21655818341032362,1.154977852287031,6.693592369179368,0.31409235988975637,0.9846114083935532,0.9869209800934275,1.0410151075765632,0.9238934048957541
FinalTrain_2,30,4,0.21453071074774238,1.1251181261182635,6.856040423757206,0.3332003992936399,0.9753932265527816,0.9614060404281793,1.0662796993958414,0.9800991387503838
FinalTrain_2,30,5,0.20729515402484372,1.1224769878008911,7.118252907431485,0.33322829868558396,0.9424957780091443,0.9591492051030847,1.107060066924192,0.9801812039882226
FinalTrain_2,30,6,0.19579886004017807,1.1220368922362565,7.47510752728158,0.36463670244044555,0.8902263045896126,0.9587731463370018,1.1625595700285296,1.0725680964857183
FinalTrain_2,30,7,0.1920499088611264,1.1135414517382043,7.695561686204903,0.34830036569148937,0.8731811851566946,0.9515138482941339,1.1968455105683178,1.0245152441724235
FinalTrain_2,30,8,0.18606338928672422,1.1041621662507337,7.941544286493662,0.34279418749821267,0.8459626548905845,0.9434993105196294,1.2351017396569977,1.0083189835542576
FinalTrain_2,30,9,0.18777684771249428,1.0810423134961726,7.929645553498433,0.30077527355367767,0.8537531280431259,0.9237435483680305,1.2332511995993019,0.8847215885464201
FinalTrain_2,30,10,0.1852791966035726,1.0858235027916496,8.033016781079494,0.2702471668293154,0.8423972155705342,0.9278290431817714,1.24932791949281,0.7949240637785726
FinalTrain_2,30,11,0.17119796496019413,1.1132972474763332,8.516037761789052,0.2775651857144389,0.7783749694380345,0.9513051773581574,1.3244493356863605,0.8164498003079211
FinalTrain_2,30,12,0.17805119091772434,1.1048428761385203,8.282303667714157,0.2765600814941518,0.8095340988499107,0.9440809726426591,1.288098044829741,0.8134933159137064
FinalTrain_2,40,1,0.21813687300791085,1.163200770949555,6.437084315160716,0.3517446699035547,1.0,1.0,1.0,1.0
FinalTrain_2,40,2,0.21848833061546896,1.163968399398425,6.572506445306278,0.32345781433203213,1.0016111792688316,1.0006599277339225,1.0210378058629144,0.9195812815606316
FinalTrain_2,40,3,0.2200508044771543,1.1687502760742483,6.616849480165054,0.324162755724877,1.0087739933320399,1.0047708918901102,1.0279264891064037,0.921585409705738
FinalTrain_2,40,4,0.22021619801649964,1.1182753547563022,6.695754666095143,0.3392056666094715,1.0095322032443061,0.9613777627085143,1.0401843968899402,0.9643519735564968
FinalTrain_2,40,5,0.2032514305632091,1.1371696225774923,7.209262335679174,0.33521524366921185,0.9317609983152095,0.9776211046087833,1.119957729728631,0.9530073156790831
FinalTrain_2,40,6,0.20525561799447725,1.1221274366905916,7.230660321838998,0.36732523753860674,0.9409487500402262,0.9646893852851953,1.123281903393628,1.0442951065593236
FinalTrain_2,40,7,0.1974954833145485,1.1039655887403355,7.515375292378018,0.3482474713488046,0.9053741377661824,0.949075702416476,1.1675123276974477,0.9900575648929977
FinalTrain_2,40,8,0.1895084547837,1.106900952152232,7.810167239113989,0.3389663853380233,0.8687593810736773,0.9515992249976211,1.213308208612301,0.963671703770138
FinalTrain_2,40,9,0.17925934055577275,1.1060251590197112,8.176561788332915,0.30220548742779113,0.8217745953902613,0.9508463084294814,1.2702275421614964,0.8591615262020977
FinalTrain_2,40,10,0.17412805371166717,1.1052717049242837,8.388421031099572,0.275531043561256,0.7982513515968129,0.9501985663420923,1.3031398410213517,0.7833268479570826
FinalTrain_2,40,11,0.17694314644025758,1.0990903935556542,8.323275944045223,0.2763569102465111,0.8111565183839444,0.9448845126352816,1.293019562357156,0.7856747632374522
FinalTrain_2,40,12,0.17695598822815883,1.1065637216882136,8.311655194283308,0.2667767226464196,0.8112153887057024,0.951309309041201,1.291214280774228,0.758438564881644
FinalTrain_2,50,1,0.22770646106219022,1.184348503624754,6.142750449038127,0.3425217844261182,1.0,1.0,1.0,1.0
FinalTrain_2,50,2,0.21816023808916674,1.1691878947829848,6.525244192088969,0.31107386351449895,0.9580766266864239,0.9871991995638365,1.06226750479677,0.9081870924960028
FinalTrain_2,50,3,0.21892073325793968,1.160857686026274,6.5874960885955485,0.32041275907615535,0.961416431649469,0.9801656205698025,1.0724017104792305,0.9354522066764144
FinalTrain_2,50,4,0.2106117293696252,1.1609850245230924,6.8940656237087445,0.34260869424366563,0.9249264530623214,0.980273138328662,1.122309245818095,1.000253735153497
FinalTrain_2,50,5,0.21134247698617703,1.1432503012890525,6.973297315079274,0.31518429014563315,0.9281356181125492,0.9652988945315347,1.135207652163568,0.9201875748537047
FinalTrain_2,50,6,0.21056667348948338,1.124123085751381,7.090219005007779,0.36057595851028085,0.9247285848071491,0.9491489053356759,1.1542417462389365,1.0527095644862756
FinalTrain_2,50,7,0.20412326147874843,1.1035245522842076,7.324374437274538,0.34738546671242276,0.8964315747852194,0.9317566146339689,1.1923607345015028,1.0141996290672532
FinalTrain_2,50,8,0.196113399879842,1.106333143312905,7.572100560695219,0.3507217201262583,0.8612553151325835,0.9341280374205064,1.2326889434163664,1.0239398954255676
FinalTrain_2,50,9,0.18334721825536462,1.0985557415593923,8.003723226699494,0.3169949578900709,0.8051911105205294,0.9275612188449692,1.3029543187698225,0.9254738597756156
FinalTrain_2,50,10,0.18471743712302444,1.1028813159418276,8.019734883013633,0.2903001550077928,0.8112085896085979,0.931213500558668,1.3055609127454326,0.8475377865211678
FinalTrain_2,50,11,0.1811217689723338,1.1118941592940437,8.151778163855202,0.28983753896419584,0.7954177853691494,0.9388234593880429,1.327056703912115,0.8461871686491628
FinalTrain_2,50,12,0.18162292187468318,1.1285512956648982,8.082362161225927,0.2871683574982841,0.7976186579311823,0.952887846956292,1.3157562281390605,0.8383944337421442
FinalTrain_2,60,1,0.23209068532908328,1.2286847362044382,5.905236955651733,0.3610853807409632,1.0,1.0,1.0,1.0
FinalTrain_2,60,2,0.21818405299662544,1.171272092962787,6.4728979126177775,0.32474280614597634,0.9400810406814064,0.9532730882463746,1.0961283960710082,0.8993518526825698
FinalTrain_2,60,3,0.21672943807232908,1.1685269204444546,6.609633222278102,0.33102737458176046,0.9338135986156731,0.9510388515561619,1.119283319520686,0.9167565131063397
FinalTrain_2,60,4,0.212689141348701,1.1508535499492445,6.818152592435878,0.3311116592312972,0.9164053311623744,0.936654876583212,1.1545942429812945,0.9169899333831832
FinalTrain_2,60,5,0.20682987225801056,1.1436264656220805,7.0229040516034,0.2960553890342599,0.8911597290720427,0.9307729085614643,1.1892671038173972,0.8199041136108616
FinalTrain_2,60,6,0.2057498938828718,1.121762688222147,7.110170229472781,0.30210975257735645,0.8865064687586981,0.9129784518097076,1.204044864392417,0.8366712381360161
FinalTrain_2,60,7,0.20121685636047917,1.1164384136078325,7.280293176433555,0.2791383316085421,0.8669751484217135,0.9086451395633441,1.2328536909032575,0.773053539403168
FinalTrain_2,60,8,0.20391623266466938,1.114132326832848,7.236547277663146,0.29806358670784716,0.8786058448469609,0.9067682652871094,1.2254457072611207,0.8254656726788758
FinalTrain_2,60,9,0.1946280321681848,1.1111877289926677,7.554433367617599,0.2891287994559311,0.8385861409828668,0.9043717206297088,1.2792769239153845,0.800721421793998
FinalTrain_2,60,10,0.1895177376326598,1.1067507108704158,7.741104730198685,0.27218121747025853,0.8165676160761948,0.9007605273011757,1.3108880792310789,0.7537863120122189
FinalTrain_2,60,11,0.19168643955370565,1.1075962495682028,7.669790388833214,0.2694322755805308,0.8259118166759337,0.9014486930062361,1.2988116220285923,0.7461733150969553
FinalTrain_2,60,12,0.1958291163130909,1.1312652593560024,7.492213420104082,0.24829121111623484,0.8437612049592736,0.920712389453639,1.2687405224160393,0.6876246571011274
FinalTrain_2,70,1,0.24241658924600185,1.2504932081080402,5.563488191983696,0.3730772599233585,1.0,1.0,1.0,1.0
FinalTrain_2,70,2,0.22862809957270036,1.2027471038386126,6.036373146625208,0.3299780614150795,0.9431206844540285,0.9618181818502909,1.0849979254603042,0.8844764794371738
FinalTrain_2,70,3,0.2321879214373937,1.1994091784820273,5.9718928564723,0.31016974448066803,0.9578054132333814,0.9591488947762447,1.0734080221608207,0.8313820696131048
FinalTrain_2,70,4,0.20883900123012675,1.1787733446310158,6.768495872720974,0.3107010058750143,0.8614880767017108,0.9426467388931008,1.216592116160783,0.8328060679411065
FinalTrain_2,70,5,0.22399953060787942,1.1491250593206606,6.431977708660443,0.3075906286193806,0.9240272347061488,0.9189374655295036,1.156105214338036,0.8244689817936615
FinalTrain_2,70,6,0.22318077487345386,1.1407008689442542,6.525418508307225,0.31680502419176104,0.920649760676949,0.9122007713021499,1.1729005766040004,0.8491673393785579
FinalTrain_2,70,7,0.22454127902869972,1.1383705549186247,6.46409769728479,0.32258664953493194,0.9262620174926954,0.910337255362583,1.1618785686646664,0.864664465481496
FinalTrain_2,70,8,0.20119677121620488,1.1587683446497477,7.053851316809756,0.36470730270354323,0.8299628826640758,0.9266490510595659,1.2678828593495517,0.9775650833783471
FinalTrain_2,70,9,0.2059116187322306,1.144373461066002,6.992600157684295,0.40814056780485014,0.8494122426715344,0.9151376861913594,1.2568733708754471,1.0939840393614306
FinalTrain_2,70,10,0.20684862186963432,1.1519168834012425,6.958082380006454,0.4387198094507836,0.853277502637109,0.9211700438933684,1.250669029914038,1.1759489429640126
FinalTrain_2,70,11,0.20464038014765862,1.1471952443204438,7.0363616288757695,0.48517517355153283,0.8441682179596698,0.9173942224413332,1.2647392042665433,1.3004683631781864
FinalTrain_2,70,12,0.21439886701432864,1.170896562994921,6.70607668069125,0.30567333436999544,0.8844232471102004,0.9363477989348327,1.2053726815406716,0.819329847208565
FinalTrain_2,80,1,0.2390364729276965,1.2604441997806064,5.589037967506316,0.37153642593764297,1.0,1.0,1.0,1.0
FinalTrain_2,80,2,0.2422473322431381,1.2857250862513858,5.493842583760834,0.3304944375482584,1.0134325079186255,1.0200571246828538,0.9829674830804638,0.8895344156745674
FinalTrain_2,80,3,0.2481279047051559,1.2846561643766394,5.429846162952578,0.32299243348382806,1.0380336593244888,1.019209072960348,0.971517136673744,0.869342575680689
FinalTrain_2,80,4,0.2466840677578604,1.2642140785092177,5.468353450972794,0.3383777891572295,1.0319934223279688,1.0029909128299908,0.9784069249063684,0.910752662550566
FinalTrain_2,80,5,0.24182763861015893,1.2775737741104058,5.546640032436169,0.3412921166316346,1.0116767355553589,1.0135901092113249,0.9924140907045826,0.9185966511098311
FinalTrain_2,80,6,0.2292400652737621,1.2351967766088836,6.001290611325229,0.34005806424802676,0.9590171008886262,0.9799694241314948,1.073760930989497,0.9152751668691043
FinalTrain_2,80,7,0.2182776912167381,1.1727035432728838,6.411421228763172,0.3508724159410032,0.9131564256420505,0.9303890989200516,1.147142185477724,0.9443822770688226
FinalTrain_2,80,8,0.22473686387500766,1.1652280386083573,6.28627189499008,0.40684948783530656,0.9401781289794459,0.9244582495688247,1.1247502578328077,1.095046028955423
FinalTrain_2,80,9,0.2158124615872677,1.1726587431545956,6.489756605482676,0.4666966717784832,0.9028432311773041,0.9303535558009702,1.1611580818045932,1.256126288561573
FinalTrain_2,80,10,0.21412165561377403,1.1645393329566889,6.57911751398049,0.4919282786225978,0.8957698086456509,0.9239118504090774,1.177146684676383,1.3240378177755332
FinalTrain_2,80,11,0.21258833987600892,1.1832034259769304,6.618989372575793,0.5433895029920213,0.88935524052981,0.9387194024002645,1.184280624153465,1.4625470480335119
FinalTrain_2,80,12,0.2153921221657852,1.1968559025245087,6.4885107106956506,0.3552507214185112,0.9010847571823769,0.9495508827228005,1.1609351642301788,0.9561666006824723
FinalTrain_3,0,1,0.13288823065772723,1.2897802312078968,10.923022569712858,0.3908799739165664,1.0,1.0,1.0,1.0
FinalTrain_3,0,2,0.13192338545584345,1.269965123163368,11.08578099024089,0.3492800690406977,0.9927394232197366,0.9846368338069722,1.01490049292577,0.8935737114924485
FinalTrain_3,0,3,0.14027388426324405,1.2600651014185018,10.791431023884222,0.3623741902440858,1.0555779362021882,0.9769610906801026,0.9879528267026098,0.927072795807735
FinalTrain_3,0,4,0.12964259141373966,1.2241243184232915,11.692844984113473,0.3820977311693899,0.9755761723372841,0.9490952712749229,1.0704770506045793,0.9775321240963573
FinalTrain_3,0,5,0.12588770074077169,1.2117371173860825,11.98202736481849,0.38491644269162656,0.9473201661102222,0.9394911536605536,1.0969516256463683,0.9847433186070239
FinalTrain_3,0,6,0.12260466952560463,1.2054663086478323,12.376209939399388,0.4252012120756482,0.9226149593442222,0.934629233322096,1.1330389423268152,1.087805056409484
FinalTrain_3,0,7,0.11745895294691872,1.2025482689690035,12.849434820980864,0.4052713817850341,0.883892820045525,0.932366801623871,1.1763625625575036,1.0368179718297348
FinalTrain_3,0,8,0.11177766022768756,1.1985252481409905,13.407631217815872,0.39120242749264905,0.8411404055456726,0.9292476494375753,1.2274653038795589,1.0008249426872697
FinalTrain_3,0,9,0.10783087082794181,1.2001590475911783,13.837335318389632,0.32511934893744987,0.8114403382017761,0.9305143764431969,1.2668046074314196,0.8317626141851073
FinalTrain_3,0,10,0.1022237051638052,1.2304467134418158,14.48137070020754,0.29628791391005077,0.7692457387524188,0.9539971877918191,1.3257658864828494,0.7580022863317465
FinalTrain_3,0,11,0.1037041404663113,1.232666320243436,14.425856653278926,0.3207982360790898,0.7803861933673889,0.9557181064009852,1.3206835892913613,0.8207077811245567
FinalTrain_3,0,12,0.10285100518320153,1.2543010309452838,14.413707916017652,0.4815627819266239,0.7739662472300433,0.9724920576357522,1.3195713754161507,1.2319965566448123
FinalTrain_3,10,1,0.21693860447645616,1.1754436004104216,6.478006105152358,0.3409048764227294,1.0,1.0,1.0,1.0
FinalTrain_3,10,2,0.2223856646062134,1.1559501744235219,6.471515326986457,0.3151626185458848,1.025108763573467,0.9834161111770116,0.9989980283963088,0.9244884433834745
FinalTrain_3,10,3,0.21996991334777524,1.156722547374274,6.609014681065079,0.3202631244995424,1.0139731187016465,0.9840732017855974,1.020223595622814,0.9394501124777378
FinalTrain_3,10,4,0.2142082122092122,1.1244719996036652,6.869482199847181,0.3366507078793468,0.9874139862112911,0.9566362854083692,1.0604315723604303,0.9875209513339219
FinalTrain_3,10,5,0.2057103428603003,1.1266155493841212,7.173523716844738,0.3369927337583648,0.9482422151499806,0.9584598946225481,1.1073660012668392,0.9885242396488532
FinalTrain_3,10,6,0.2010406604080819,1.117346036027578,7.37690981258298,0.36378542189466084,0.9267168510337698,0.9505739242932982,1.1387624051041985,1.0671170964523227
FinalTrain_3,10,7,0.19377899386924388,1.1096076129186132,7.653670806931255,0.3451567549259323,0.8932434793562722,0.943990517734053,1.1814855810098448,1.0124723311318389
FinalTrain_3,10,8,0.18303511846191298,1.1187459034924907,8.048364060099333,0.3348013607977294,0.8437185207475479,0.9517648512458325,1.2424137812556202,0.9820961328302282
FinalTrain_3,10,9,0.17885922378915994,1.1046462763168552,8.262082789841363,0.27392407768352495,0.8244693203443701,0.9397696971008677,1.2754052181689084,0.8035205613892515
FinalTrain_3,10,10,0.17364933662432674,1.1098588413448889,8.473095822656528,0.2536561887833162,0.800453829060989,0.9442042484704217,1.3079789807418294,0.7440673522920719
FinalTrain_3,10,11,0.1717591155510272,1.1147638331084144,8.542637235897416,0.2701040672454101,0.7917406676674176,0.948377134146785,1.3187139834744723,0.7923150589094984
FinalTrain_3,10,12,0.16518336371143402,1.1309601722609186,8.758906745343948,0.31678368771984383,0.7614290877830413,0.9621560505889257,1.3520991803909308,0.9292436384131544
FinalTrain_3,20,1,0.21590272266330307,1.1663730228573586,6.520842964927888,0.33918441391951215,1.0,1.0,1.0,1.0
FinalTrain_3,20,2,0.21665371349665508,1.1669238770668322,6.597232827329117,0.3147319234282058,1.003478375928233,1.000472279621252,1.0117147219787517,0.9279079772306138
FinalTrain_3,20,3,0.21590335503989927,1.1642695034642596,6.730005681710242,0.32008997512010984,1.0000029289885204,0.998196529453377,1.0320760242053564,0.9437048460489302
FinalTrain_3,20,4,0.21208462268215417,1.125221353422409,6.931697588390495,0.3366911745649594,0.9823156469077827,0.9647182602576515,1.0630063667646,0.9926493103685348
FinalTrain_3,20,5,0.2039010227149603,1.125981688433504,7.194028175307844,0.3369151516654513,0.9444115396031423,0.9653701400561335,1.103235918116823,0.9933096505590042
FinalTrain_3,20,6,0.20251243908047717,1.11636885169228,7.366908322900128,0.3620350213051933,0.9379800151769839,0.9571284913272606,1.1297478504731324,1.067369273020616
FinalTrain_3,20,7,0.191000830477489,1.1062979256230439,7.735013592504328,0.3438555652668154,0.8846615184902129,0.9484940957506511,1.1861984154666523,1.0137717157853003
FinalTrain_3,20,8,0.1857867347628201,1.101123796492358,7.960071445764346,0.33752072765635727,0.8605113102373961,0.9440580113854534,1.2207120288860345,0.9950950391737349
FinalTrain_3,20,9,0.17798860130209043,1.104301386271367,8.290861124222811,0.28445281668239536,0.8243925741485941,0.9467823454678936,1.2714400835620334,0.8386376407905803
FinalTrain_3,20,10,0.1710715491678415,1.1165810982596664,8.55459855558429,0.2598003665851636,0.792354756149254,0.9573104627576924,1.311885380708427,0.7659560873773338
FinalTrain_3,20,11,0.1686232998781656,1.1144045278827706,8.655652292877823,0.2725345259862589,0.781015161819571,0.9554443613182372,1.3273824165728156,0.8034995559994418
FinalTrain_3,20,12,0.17170436997764427,1.118401450274285,8.540625213638037,0.2758398080030313,0.7952858021406917,0.9588711573030438,1.3097425071533655,0.813244349336428
FinalTrain_3,30,1,0.13712588358685807,1.276623557859139,10.600011138447037,0.3817118767333266,1.0,1.0,1.0,1.0
FinalTrain_3,30,2,0.13572590588736896,1.2763653919985447,10.804883695458228,0.3422903444830092,0.9897905656986901,0.9997977744817531,1.0193275794086765,0.8967243760197217
FinalTrain_3,30,3,0.1373446120885635,1.252897114895292,10.918927757427973,0.35347467385266307,1.0015950927424062,0.9814146912629159,1.0300864418740279,0.9260248250006883
FinalTrain_3,30,4,0.12763916708399103,1.225443067970132,11.735498805177768,0.3723484539979284,0.9308174630877913,0.9599094897051444,1.1071213654306675,0.9754699203610587
FinalTrain_3,30,5,0.12818507387813508,1.200771910016353,11.824151154659551,0.37460794578864276,0.9347985261800722,0.9405841703485505,1.115484785838806,0.9813892850139246
FinalTrain_3,30,6,0.12507143456982409,1.1958840065740863,12.13201738982717,0.4145179550713379,0.9120920959506637,0.9367553960695739,1.144528739769285,1.0859446098946781
FinalTrain_3,30,7,0.11721572556152147,1.2079579634784159,12.872662426060032,0.3943645086749866,0.854803794115754,0.9462131229225683,1.2144008395774148,1.033147074306256
FinalTrain_3,30,8,0.11141923290499511,1.20253479277521,13.41637603402366,0.37805433561380647,0.8125324700965016,0.9419650650907823,1.265694522278515,0.9904180578534227
FinalTrain_3,30,9,0.10926555627395389,1.2057501237543322,13.770632264790244,0.3136194183749332,0.7968266341543249,0.9444836861512571,1.2991148862894233,0.8216129428795202
FinalTrain_3,30,10,0.1073099451650637,1.217462987526408,14.008783365826229,0.28540675355227546,0.7825652047455476,0.9536585628797721,1.3215819476844999,0.7477020521204994
FinalTrain_3,30,11,0.10589935453394128,1.1981578234754378,14.11074079445084,0.30848437291165465,0.7722783749055129,0.9385365138371048,1.3312005629192334,0.8081602688175444
FinalTrain_3,30,12,0.10072026470772905,1.2400296379499025,14.537845600128216,0.46626039865468794,0.7345095037723566,0.9713353872533863,1.3714934267755963,1.221498274156214
FinalTrain_3,40,1,0.13703249656131355,1.2829167769972256,10.648722084443046,0.3817118767333266,1.0,1.0,1.0,1.0
FinalTrain_3,40,2,0.13758896532951728,1.2518425512227298,10.741694666435446,0.3422903444830092,1.0040608525872894,0.975778455522869,1.0087308675402682,0.8967243760197217
FinalTrain_3,40,3,0.13739473520291767,1.260197006382722,10.852801232213402,0.35347467385266307,1.0026434506463366,0.9822905343340499,1.019164660900344,0.9260248250006883
FinalTrain_3,40,4,0.12637045013064088,1.2217415514260506,11.750068765328722,0.3723484539979284,0.9221932994127268,0.952315515185357,1.1034252440952195,0.9754699203610587
FinalTrain_3,40,5,0.12948608236506426,1.2101317375836607,11.733924961220556,0.37460794578864276,0.944929747427664,0.9432659696103403,1.101909212032391,0.9813892850139246
FinalTrain_3,40,6,0.12243199229373018,1.1938990272288408,12.281232571871348,0.4145179550713379,0.8934522494009255,0.9306129973787245,1.1533057651878504,1.0859446098946781
FinalTrain_3,40,7,0.11947856037122395,1.1991066483129924,12.722280974647058,0.3943645086749866,0.8718994645023102,0.9346722015122463,1.194723730581092,1.033147074306256
FinalTrain_3,40,8,0.11221022485736161,1.1998945762457303,13.316488397709563,0.37805433561380647,0.8188585019842682,0.9352863706827377,1.2505245504682592,0.9904180578534227
FinalTrain_3,40,9,0.10796866876358543,1.1973055438196416,13.842090899936915,0.3136194183749332,0.7879055805954476,0.9332682877700265,1.29988282069631,0.8216129428795202
FinalTrain_3,40,10,0.10252523849204494,1.2255536396074995,14.380176701277582,0.28540675355227546,0.7481819354153797,0.9552869380007725,1.3504133723506506,0.7477020521204994
FinalTrain_3,40,11,0.10524800853947099,1.2080803841087597,14.19053232356382,0.30848437291165465,0.7680514562644564,0.9416669933465001,1.332604251574476,0.8081602688175444
FinalTrain_3,40,12,0.10173713338813355,1.2435989729486747,14.407257411505915,0.46626039865468794,0.7424307076140328,0.9693528023379837,1.352956467194669,1.221498274156214
FinalTrain_3,50,1,0.13647124402238078,1.2858860051467267,10.638073029058527,0.3817118767333266,1.0,1.0,1.0,1.0
FinalTrain_3,50,2,0.1365683910887802,1.2667398917955182,10.778566384850041,0.3422903444830092,1.0007118500831096,0.9851105671306969,1.0132066545705927,0.8967243760197217
FinalTrain_3,50,3,0.13628532492617554,1.2445236748524688,10.898414620528879,0.35347467385266307,0.9986376683415097,0.967833594790902,1.024472626833752,0.9260248250006883
FinalTrain_3,50,4,0.1279747883994191,1.2289168332404126,11.738334771920536,0.3723484539979284,0.9377417881413296,0.9556965612205931,1.103426789782001,0.9754699203610587
FinalTrain_3,50,5,0.12846216258992227,1.2150910509749648,11.772508716568899,0.37460794578864276,0.941313047376156,0.9449446110398536,1.1066392084742784,0.9813892850139246
FinalTrain_3,50,6,0.12449629559613858,1.2096764078714215,12.208221285733115,0.4145179550713379,0.9122529547376416,0.9407337843554731,1.1475970556308117,1.0859446098946781
FinalTrain_3,50,7,0.1184031387025084,1.2008129469211901,12.821042269315862,0.3943645086749866,0.8676050368756859,0.933840902004506,1.2052034456141094,1.033147074306256
FinalTrain_3,50,8,0.11492939849555567,1.187702223087286,13.21894338370741,0.37805433561380647,0.842151028363951,0.9236450341115289,1.2426069408998306,0.9904180578534227
FinalTrain_3,50,9,0.10907749206590914,1.1944917102652415,13.816398027595696,0.3136194183749332,0.7992708855795352,0.9289250411656385,1.2987688644226625,0.8216129428795202
FinalTrain_3,50,10,0.10756334061109137,1.1958163044336045,13.955126881375712,0.28540675355227546,0.7881758635793733,0.9299551434943529,1.3118096522985372,0.7477020521204994
FinalTrain_3,50,11,0.10232072559486977,1.2156127737332223,14.476386475905645,0.30848437291165465,0.7497603346979789,0.9453503412182437,1.3608090898006189,0.8081602688175444
FinalTrain_3,50,12,0.10093806343341818,1.2510573275981982,14.534883400754952,0.46626039865468794,0.7396288072003265,0.9729146460812798,1.366307916955642,1.221498274156214
FinalTrain_3,60,1,0.13821804725669087,1.2822829809592395,10.615270256993545,0.3817118767333266,1.0,1.0,1.0,1.0
FinalTrain_3,60,2,0.13635295866213215,1.2678522025510932,10.802154001639718,0.3422903444830092,0.9865061861922055,0.9887460267176352,1.0176051800963852,0.8967243760197217
FinalTrain_3,60,3,0.1357157070560766,1.2416014612253332,10.937190348301169,0.35347467385266307,0.9818957057325006,0.9682741482668096,1.0303261324030386,0.9260248250006883
FinalTrain_3,60,4,0.12734415938502425,1.2332056905481157,11.778523954827394,0.3723484539979284,0.9213280169450503,0.9617266304397095,1.109583050612157,0.9754699203610587
FinalTrain_3,60,5,0.12964083950463304,1.219371698761402,11.69515026483812,0.37460794578864276,0.9379443717930067,0.9509380666108699,1.1017289227406273,0.9813892850139246
FinalTrain_3,60,6,0.1258167691013257,1.204241160861193,12.12462068093532,0.4145179550713379,0.9102774319164398,0.9391383795488998,1.1421867166262099,1.0859446098946781
FinalTrain_3,60,7,0.11629406085714929,1.205033325307788,12.915624973740055,0.3943645086749866,0.8413811594456578,0.9397561561694727,1.2167024165240627,1.033147074306256
FinalTrain_3,60,8,0.11123680770572686,1.1921708201345504,13.403178464309821,0.37805433561380647,0.8047922099430622,0.9297252149776809,1.2626318633272242,0.9904180578534227
FinalTrain_3,60,9,0.10673020171601624,1.2053025581006762,13.986414943655664,0.3136194183749332,0.7721871624897351,0.9399661198022168,1.3175750221188334,0.8216129428795202
FinalTrain_3,60,10,0.10333015224731251,1.2236306743487404,14.395867679542743,0.28540675355227546,0.7475879908461845,0.9542594673083604,1.3561470721914468,0.7477020521204994
FinalTrain_3,60,11,0.10530647212697995,1.2138384613316806,14.144705531217653,0.30848437291165465,0.7618865569082351,0.9466229212709681,1.3324866149214474,0.8081602688175444
FinalTrain_3,60,12,0.10140766325326808,1.2570594869132667,14.4830121947617,0.46626039865468794,0.7336788882926367,0.9803292296470286,1.3643564265563575,1.221498274156214
FinalTrain_3,70,1,0.13669019812822117,1.2709713136331928,10.627514549400985,0.3817118767333266,1.0,1.0,1.0,1.0
FinalTrain_3,70,2,0.13647077469175994,1.2517702575156924,10.814330684684935,0.3422903444830092,0.9983947390561583,0.9848926125149021,1.0175785348884308,0.8967243760197217
FinalTrain_3,70,3,0.13715566593752623,1.2591361063814774,10.892278371159975,0.35347467385266307,1.0034052756940803,0.9906880610720604,1.0249130519208665,0.9260248250006883
FinalTrain_3,70,4,0.12748789154746118,1.2299019792780619,11.707419130022439,0.3723484539979284,0.9326776410688363,0.9676866551474476,1.1016140298469244,0.9754699203610587
FinalTrain_3,70,5,0.12514308841536242,1.2086099223019067,11.973913174650688,0.37460794578864276,0.9155234986050201,0.950934068564443,1.1266898877429052,0.9813892850139246
FinalTrain_3,70,6,0.12450778253937382,1.214905200741973,12.185343352001759,0.4145179550713379,0.9108757192858867,0.9558871925040152,1.1465844902266993,1.0859446098946781
FinalTrain_3,70,7,0.11777938335741764,1.2070309879222152,12.814658922913196,0.3943645086749866,0.8616520055588449,0.9496917632796935,1.2058001768283149,1.033147074306256
FinalTrain_3,70,8,0.11279488982878594,1.195015642075221,13.333016674068043,0.37805433561380647,0.8251863803941493,0.9402380913375257,1.2545752454245807,0.9904180578534227
FinalTrain_3,70,9,0.1069561083291039,1.20879644128407,13.936521044366451,0.3136194183749332,0.7824709437378572,0.9510808216659193,1.311362217344786,0.8216129428795202
FinalTrain_3,70,10,0.10730684941637302,1.1957731310386868,14.012517221832233,0.28540675355227546,0.785036900127357,0.9408340835171607,1.3185131063990914,0.7477020521204994
FinalTrain_3,70,11,0.10585541173177662,1.215916123801713,14.14643395681002,0.30848437291165465,0.7744184526858303,0.9566825865848229,1.3311140522134008,0.8081602688175444
FinalTrain_3,70,12,0.10214824413888526,1.235987127431584,14.444234460027994,0.46626039865468794,0.7472975058757754,0.9724744486155212,1.3591357031679752,1.221498274156214
FinalTrain_3,80,1,0.1374899255094667,1.2851582405897624,10.638360432853183,0.3817118767333266,1.0,1.0,1.0,1.0
FinalTrain_3,80,2,0.13601958451808316,1.2725682356703114,10.781509373681576,0.3422903444830092,0.9893058274201894,0.9902035371817922,1.0134559213077914,0.8967243760197217
FinalTrain_3,80,3,0.1371382301139125,1.271912093356023,10.847421206297199,0.35347467385266307,0.997442027884945,0.9896929834666425,1.019651597138822,0.9260248250006883
FinalTrain_3,80,4,0.1279149290428559,1.2226441624942421,11.721840208044181,0.3723484539979284,0.9303585595007721,0.9513569021143791,1.1018464999404436,0.9754699203610587
FinalTrain_3,80,5,0.1255984826306552,1.2264044348647867,11.965711469317895,0.37460794578864276,0.9135104420578603,0.9542828238038504,1.1247702636926658,0.9813892850139246
FinalTrain_3,80,6,0.1239809534919714,1.205911414479835,12.196268192842792,0.4145179550713379,0.9017457317877071,0.9383369116681222,1.1464424682565284,1.0859446098946781
FinalTrain_3,80,7,0.11756274188879368,1.2066565163189824,12.883247888896372,0.3943645086749866,0.8550644089242672,0.9389166860613559,1.2110181799359392,1.033147074306256
FinalTrain_3,80,8,0.112052633385444,1.198651975643195,13.408943646564113,0.37805433561380647,0.8149879561737688,0.9326882385262772,1.260433290561849,0.9904180578534227
FinalTrain_3,80,9,0.1082946424641907,1.2173713785258713,13.89321649009566,0.3136194183749332,0.7876551104592329,0.9472540735273319,1.3059546701567746,0.8216129428795202
FinalTrain_3,80,10,0.10317658956060585,1.2272430150532727,14.356575119255245,0.28540675355227546,0.750430180089826,0.9549353350370985,1.3495101251617252,0.7477020521204994
FinalTrain_3,80,11,0.10256744267498545,1.2268469454060493,14.49938737875127,0.30848437291165465,0.7459996963044634,0.9546271475822667,1.3629343986103852,0.8081602688175444
FinalTrain_3,80,12,0.10233554122062291,1.2485967347190579,14.410206987444425,0.46626039865468794,0.7443130166913701,0.9715509695880514,1.3545514911248069,1.221498274156214
FinalTrain_4,0,1,0.13467008406013933,1.2893875973115831,10.81266674723456,0.3820003946972735,1.0,1.0,1.0,1.0
FinalTrain_4,0,2,0.13421914038516014,1.257106842566895,10.905962147116755,0.3417643751253007,0.9966514933281113,0.9749642738832026,1.0086283432258796,0.8946702146633674
FinalTrain_4,0,3,0.1340780967101516,1.2464762718371905,11.066928445362299,0.3528721862156676,0.9956041658834686,0.9667196073827108,1.023515170130696,0.9237482241224141
FinalTrain_4,0,4,0.1324186283169755,1.2138042226116057,11.500993042772825,0.37122844827586204,0.9832816934891168,0.9413804081429267,1.0636592536909832,0.9718012165145852
FinalTrain_4,0,5,0.12739890204254323,1.2256355117919375,11.890544582126793,0.374525031951684,0.9460074442787975,0.9505563062243108,1.0996865861206635,0.9804310077964357
FinalTrain_4,0,6,0.12574034856755914,1.2080343193680672,12.180726283209651,0.41457766869653834,0.9336917656590126,0.9369054905498235,1.1265237862181394,1.0852807338722297
FinalTrain_4,0,7,0.11762063074384961,1.2032460572416797,12.797380785104963,0.39484603543295577,0.873398361371216,0.9331918964867418,1.1835545369395586,1.0336272970237692
FinalTrain_4,0,8,0.11296941437106953,1.1988457546764941,13.321551466954565,0.3798398382680934,0.8388605023861202,0.9297791891097201,1.232032002684414,0.9943440989612269
FinalTrain_4,0,9,0.1061640332936948,1.2188736702486813,14.039332006934506,0.3153755210421679,0.7883267767642096,0.9453120789978702,1.2984153063373747,0.8255895161891016
FinalTrain_4,0,10,0.10649828037233722,1.208021241207844,14.050285766039938,0.2881937483293237,0.7908087465422425,0.9368953476259654,1.299428355140366,0.7544331166403915
FinalTrain_4,0,11,0.10288573879269115,1.2082360240143777,14.448308168719716,0.3117806955443063,0.7639836234656666,0.9370619250050107,1.3362391079346827,0.8161789879599086
FinalTrain_4,0,12,0.10117656563373124,1.2634414693028144,14.502662173092714,0.4739439759589682,0.7512920656420549,0.9798771695471034,1.3412659903535735,1.24068975461284
FinalTrain_4,10,1,0.21684002425577203,1.1740553243726128,6.483461144633637,0.3409049043500486,1.0,1.0,1.0,1.0
FinalTrain_4,10,2,0.22795617222802847,1.1493753846720405,6.3278191982469165,0.3151626185458848,1.0512642811695339,0.9789788954675022,0.9759940033703225,0.924488367648325
FinalTrain_4,10,3,0.21471851555743596,1.4918538652015076,6.742753765697698,0.3202631524268617,0.9902162494879927,1.2706844679561577,1.0399929320589323,0.939450117438054
FinalTrain_4,10,4,0.21360662460026586,1.1216467833615307,6.884683180343382,0.33665076373398534,0.9850885478056752,0.9553610976219642,1.061883926927184,0.9875210342773625
FinalTrain_4,10,5,0.20492021952484424,1.1258745469048537,7.1697401862558605,0.33699278961300333,0.9450294991810743,0.9589620893772567,1.1058507217538054,0.9885243225101031
FinalTrain_4,10,6,0.2011669816391786,1.1162677251489568,7.381018254171334,0.3637854498219801,0.9277207117533504,0.9507794922232167,1.1384379561340636,1.0671170909540135
FinalTrain_4,10,7,0.19145162194875642,1.113114992853144,7.717748683390055,0.3451568107805708,0.8829164385396447,0.9480941568473071,1.1903747876669297,1.0124724120312338
FinalTrain_4,10,8,0.18539957510044788,1.1074541268350602,7.961042175401129,0.3348013607977294,0.855006245903022,0.9432725220396724,1.227900036385733,0.982096052375791
FinalTrain_4,10,9,0.17955809959523406,1.114484588430688,8.216682919917217,0.2739241335381635,0.8280671440224413,0.9492607079877109,1.2673297081016932,0.8035206594062143
FinalTrain_4,10,10,0.17327325298839397,1.1035217048774,8.464781939062089,0.2536561608559969,0.7990833499631543,0.9399230870718087,1.3055961546200354,0.7440672094160816
FinalTrain_4,10,11,0.1711443197167801,1.1162778851414399,8.543094125232118,0.2701040672454101,0.7892653595855905,0.9507881459827732,1.3176749169389625,0.7923149940021436
FinalTrain_4,10,12,0.16745637488357432,1.116207809754997,8.684011469692157,0.31678354808324755,0.7722576837846706,0.950728459369214,1.3394098115140116,0.9292431526827413
FinalTrain_4,20,1,0.2160950659118237,1.1727841970523811,6.512510226471851,0.3391844418468314,1.0,1.0,1.0,1.0
FinalTrain_4,20,2,0.22268519901099687,1.154406451900315,6.47577424627766,0.31473195135552506,1.0304964533612362,0.984329815154181,0.9943591673691555,0.9279079831664314
FinalTrain_4,20,3,0.21941461167878662,1.1552561611573493,6.639539204630315,0.3200900030474291,1.015361506533969,0.9850543382669327,1.0195053786851838,0.943704850684086
FinalTrain_4,20,4,0.21226235209266034,1.1241635582794929,6.924870117512252,0.3366911745649594,0.9822637606139176,0.9585425529308044,1.0633181180068252,0.9926492286370909
FinalTrain_4,20,5,0.20349370488766982,1.128736133691086,7.213622025984973,0.33691506788349346,0.941686030770847,0.962441458989639,1.107656153331363,0.9933093217631641
FinalTrain_4,20,6,0.20117486325418676,1.1091069310069213,7.380004550233359,0.36203504923251256,0.9309553756135966,0.9457041916104402,1.1332042935203916,1.067369267473654
FinalTrain_4,20,7,0.19228912134717027,1.101234635723013,7.6935537739556885,0.3438555652668154,0.8898357791548683,0.938991707503224,1.1813499720404534,1.013771632314708
FinalTrain_4,20,8,0.18553965620483,1.1022560590979462,7.9583037639067555,0.337520811438315,0.8586020019565757,0.9398626464001673,1.2220024978322626,0.9950952042509438
FinalTrain_4,20,9,0.1778078324900325,1.110332712637371,8.2756294073901,0.2844528446097146,0.8228222691701158,0.946749381026814,1.2707280479578484,0.8386376540766205
FinalTrain_4,20,10,0.17558128721629856,1.0999047737988898,8.400871052863737,0.2598003386578443,0.8125187239950377,0.9378577717565918,1.2899589805964735,0.7659559419743808
FinalTrain_4,20,11,0.168292190507309,1.114379881007954,8.669647201026466,0.2725344980589396,0.7787877515721697,0.9502002873237738,1.3312297254883918,0.8034994075052844
FinalTrain_4,20,12,0.17177485649129853,1.108055780750998,8.535977473130735,0.2758397521483928,0.7949041120697787,0.9448079054406869,1.310704655546483,0.8132441177032415
FinalTrain_4,30,1,0.21790791051755143,1.1694503854347182,6.466692812687173,0.3399659878764156,1.0,1.0,1.0,1.0
FinalTrain_4,30,2,0.21645858484161812,1.1645617273305608,6.596084455436828,0.31451062735036317,0.9933489074697149,0.9958196960169968,1.0200089360199387,0.9251238022807565
FinalTrain_4,30,3,0.2153649764011677,1.1607696791460678,6.705858551733552,0.31409235988975637,0.9883302349586849,0.9925771059663864,1.0369842431013816,0.9238934807911879
FinalTrain_4,30,4,0.21392464882370488,1.1245174405404188,6.862763899739138,0.3332003992936399,0.9817204355528629,0.9615777244986784,1.0612478586078655,0.980099219262972
FinalTrain_4,30,5,0.20370154287999706,1.131069526802136,7.1887532147194735,0.33322829868558396,0.9348056359963577,0.967180430131446,1.1116583735995116,0.9801812845075523
FinalTrain_4,30,6,0.1949439334501667,1.12317012799655,7.493563322142651,0.36463670244044555,0.8946161384740776,0.9604256341144695,1.1587937666438761,1.0725681845943902
FinalTrain_4,30,7,0.19247108079397865,1.1090676383873164,7.668199259011714,0.34830030983685084,0.8832679838783367,0.9483665593688646,1.1857992147032674,1.0245151640388948
FinalTrain_4,30,8,0.18518971103762785,1.1099230133193496,7.933636508198578,0.3427942154255319,0.849853089765237,0.9490979926495636,1.226846046039696,1.0083191485324245
FinalTrain_4,30,9,0.188667448833977,1.087281243368104,7.889173085438409,0.30077527355367767,0.8658127572600479,0.9297369575571438,1.2199702868149906,0.8847216612239913
FinalTrain_4,30,10,0.18525538927983848,1.0926034474750912,8.024907371652104,0.2702471389019961,0.8501544934272455,0.9342879878302311,1.2409600400235232,0.7949240469321194
FinalTrain_4,30,11,0.17138847953182104,1.115154625818475,8.51800580357676,0.2775652136417582,0.7865179337673311,0.9535715578082776,1.317212066555112,0.816449949524535
FinalTrain_4,30,12,0.1728635882773815,1.1130253059758528,8.461826487140003,0.27656005356683255,0.793287347241385,0.9517507709932554,1.3085245785200321,0.8134933005926689
FinalTrain_4,40,1,0.2201912186279599,1.2300813625778877,6.375496726844088,0.3517447257581932,1.0,1.0,1.0,1.0
FinalTrain_4,40,2,0.2157322245554815,1.1707136242546659,6.620791798930436,0.3234578422593514,0.9797494464117916,0.9517367386180012,1.038474660500339,0.9195812149340156
FinalTrain_4,40,3,0.2176216468731495,1.172241027550827,6.64696658461926,0.324162755724877,0.9883302714303425,0.9529784477785727,1.0425801893415059,0.9215852633643257
FinalTrain_4,40,4,0.21119512683412794,1.1291760465457292,6.922353199431351,0.3392056666094715,0.9591441845415645,0.9179685839474141,1.0857747240751796,0.964351820424049
FinalTrain_4,40,5,0.2091277025727089,1.126721166490205,7.062323228692588,0.33521527159653114,0.949754962417715,0.9159728785166941,1.1077290964571607,0.9530072437446433
FinalTrain_4,40,6,0.20223793320771374,1.1190165223271473,7.320988626691994,0.36732523753860674,0.9184650253896799,0.9097093544950707,1.1483008995780524,1.044294940732457
FinalTrain_4,40,7,0.19745600527681736,1.097781357675212,7.528819437387511,0.34824744342148534,0.8967478653653466,0.8924461349244298,1.1808992710618682,0.9900573282821244
FinalTrain_4,40,8,0.18220776456435078,1.113695842207672,8.003863692244794,0.3389664132653426,0.8274978707130605,0.9053838844234612,1.2554102111831462,0.9636716301422668
FinalTrain_4,40,9,0.171912223773745,1.114188132548103,8.414156035030254,0.30220545950047184,0.7807405983079271,0.905784093999354,1.3197647799899845,0.8591613103766135
FinalTrain_4,40,10,0.17472040325015986,1.1052415685884283,8.383855052976413,0.275531043561256,0.7934939655580517,0.8985109458712291,1.3150120550883688,0.7833267235701773
FinalTrain_4,40,11,0.16929720647826585,1.1100141138563366,8.542781898670674,0.2763568543918726,0.7688644784891002,0.9023908073284473,1.3399398140542071,0.7856744796846051
FinalTrain_4,40,12,0.17377655985876392,1.1142681180577647,8.400113283887752,0.2667766947191003,0.7892074940208254,0.9058491185677242,1.3175621671200923,0.7584383650502718
FinalTrain_4,50,1,0.22306430889916704,1.1887774873043846,6.192209127042134,0.3425218123534374,1.0,1.0,1.0,1.0
FinalTrain_4,50,2,0.21681741343108368,1.1604578738490907,6.541733325142734,0.31107386351449895,0.9719950919135738,0.9761775321641478,1.0564458000254198,0.90818701844749
FinalTrain_4,50,3,0.21857165622404964,1.1580810371092878,6.58356826299654,0.32041273114883606,0.9798593836132331,0.9741781363434947,1.0632018602610322,0.9354520488704302
FinalTrain_4,50,4,0.20970756368501775,1.1653219818917195,6.908608225829754,0.3426087221709849,0.9401215493412395,0.9802692213949545,1.1156936214668554,1.0002537351328091
FinalTrain_4,50,5,0.2046154140663288,1.1424584915769622,7.13503130301545,0.31518431807295244,0.9172933808914371,0.9610364460783547,1.1522594209320056,0.9201875813611652
FinalTrain_4,50,6,0.21067463093290292,1.1170737498943886,7.055087926212469,0.3605759864376001,0.9444569235329141,0.9396827933101357,1.1393491048940898,1.0527095601886316
FinalTrain_4,50,7,0.20143474713617615,1.1101182561133454,7.360856620738241,0.34738546671242276,0.9030344124986476,0.933831829731733,1.188728686276515,1.014199546375069
FinalTrain_4,50,8,0.19254111905449953,1.1073270459538376,7.657071896552413,0.3507217759808968,0.8631641700310512,0.9314838628587759,1.2365654549864997,1.0239399750080678
FinalTrain_4,50,9,0.1807732425619355,1.098382245174418,8.067755211980964,0.3169949578900709,0.8104086371058644,0.9239594936013278,1.3028880398674023,0.9254737843176359
FinalTrain_4,50,10,0.1857480154198788,1.0878234403869145,7.955437367806074,0.2903001829351121,0.8327106041148137,0.9150774236595036,1.2847494657542664,0.847537798952087
FinalTrain_4,50,11,0.18021915081058534,1.0884232896701784,8.124627785997518,0.28983753896419584,0.8079246370698002,0.9155820170671598,1.3120725768960668,0.846187099655778
FinalTrain_4,50,12,0.1816952829016024,1.1134916135067847,8.065252257661083,0.2871683574982841,0.8145421551223377,0.9366694990428238,1.3024838296302268,0.8383943653841355
FinalTrain_4,60,1,0.2311326356870994,1.2299715766426969,5.929310597559169,0.3610853807409632,1.0,1.0,1.0,1.0
FinalTrain_4,60,2,0.22363399205223164,1.1666039326138826,6.360241134449041,0.32474280614597634,0.9675569673984975,0.9484803996838844,1.0726780170813224,0.8993518526825698
FinalTrain_4,60,3,0.21492226057107192,1.1697280650615791,6.663730005916217,0.33102740250907975,0.929865485815804,0.951020403458788,1.123862529424479,0.9167565904490425
FinalTrain_4,60,4,0.21384774747122368,1.150822782258879,6.802191977526172,0.33111168715861644,0.9252165832640117,0.9356498996506402,1.1472146492589423,0.9169900107258859
FinalTrain_4,60,5,0.2036029399815221,1.1398582947186264,7.1284716198055,0.29605541696157917,0.8808922174761759,0.9267354761399921,1.2022429087691866,0.8199041909535644
FinalTrain_4,60,6,0.20068122121190782,1.1284661462518413,7.2649825368966345,0.3021097805046757,0.8682513424178842,0.9174733527843606,1.2252659760963276,0.8366713154787188
FinalTrain_4,60,7,0.2020549816638077,1.1132865759314874,7.280732990467729,0.27913838746318065,0.8741949446608821,0.9051319535125273,1.227922347914255,0.7730536940885735
FinalTrain_4,60,8,0.20328611676963965,1.125560264504481,7.258854670642483,0.29806361463516645,0.8795214754736862,0.91511079270367,1.2242324889559044,0.8254657500215786
FinalTrain_4,60,9,0.1942039620466796,1.1101349554153506,7.554357486832838,0.2891288273832504,0.8402273502803267,0.9025696011980621,1.2740701237581695,0.8007214991367008
FinalTrain_4,60,10,0.18905359614676678,1.1050623785474623,7.747518623675581,0.27218124539757776,0.8179441885597757,0.8984454596616095,1.3066474586210555,0.7537863893549215
FinalTrain_4,60,11,0.19897485573358145,1.0984294336391422,7.460184580518871,0.2694323314351693,0.8608687178341521,0.8930526969065341,1.2581875173801644,0.7461734697823608
FinalTrain_4,60,12,0.19635212222058626,1.1246451059496343,7.491747291802546,0.24829121111623484,0.8495214085059023,0.9143667441644795,1.2635106845113766,0.6876246571011274
FinalTrain_4,70,1,0.23970545057260007,1.2551736208642834,5.590330287663417,0.3730772599233585,1.0,1.0,1.0,1.0
FinalTrain_4,70,2,0.22948552722105287,1.2039266627119258,6.022220806404208,0.3299780334877602,0.9573646601396247,0.9591714187579323,1.0772567087304081,0.8844764045805092
FinalTrain_4,70,3,0.22943013037917695,1.209542241730349,6.042383263973818,0.3101697724079873,0.9571335563339182,0.9636453647723143,1.080863375337228,0.8313821444697693
FinalTrain_4,70,4,0.22615644324707185,1.1525891319464152,6.365351197845652,0.3107010058750143,0.9434764320412289,0.9182706780857688,1.1386359786098021,0.8328060679411065
FinalTrain_4,70,5,0.22566032766969946,1.149503311578593,6.417269421108242,0.3075906844740191,0.9414067436958563,0.9158121971899568,1.14792312634366,0.8244691315069904
FinalTrain_4,70,6,0.21078151836749975,1.1599052076669312,6.841007675024671,0.31680502419176104,0.8793355255960688,0.92409941412587,1.2237215554367535,0.8491673393785579
FinalTrain_4,70,7,0.21023124767810286,1.1620829156248509,6.856381326442076,0.32258670538957046,0.8770399136770138,0.925834399566705,1.2264715989272663,0.864664615194825
FinalTrain_4,70,8,0.20657884877605748,1.1495520050779393,6.933273287211052,0.36470738648550105,0.8618028846761269,0.9158509914241063,1.2402260565017424,0.9775653079483406
FinalTrain_4,70,9,0.21521109788486636,1.1299380986441603,6.7737164879083505,0.40814065158680796,0.8978147863170302,0.9002245425346903,1.2116844872039845,1.0939842639314241
FinalTrain_4,70,10,0.19643401089517415,1.1622033677386292,7.192632643800938,0.43871992116006064,0.8194807853803049,0.9259303640705602,1.2866203379205403,1.1759492423906703
FinalTrain_4,70,11,0.20416814503089295,1.1488289172862454,7.047913246252753,0.4851753411154484,0.8517459429611766,0.9152749055506667,1.2607328876087855,1.3004688123181731
FinalTrain_4,70,12,0.21832131437999083,1.1718746338073438,6.625726549459299,0.30567333436999544,0.9107899459877631,0.9336354862209565,1.1852120015307082,0.819329847208565
FinalTrain_4,80,1,0.2366831085982899,1.2680662313996434,5.608636831179791,0.37153637008300444,1.0,1.0,1.0,1.0
FinalTrain_4,80,2,0.24764181643520758,1.2863942809747444,5.37771582402689,0.33049446547557765,1.04630118263115,1.014453542820765,0.9588276056903604,0.8895346245691702
FinalTrain_4,80,3,0.2399617266320164,1.3008557881954237,5.533666277463204,0.32299243348382806,1.0138523532716106,1.0258579212850645,0.9866330169035357,0.869342706372646
FinalTrain_4,80,4,0.23503717200832897,1.3076299714256978,5.643188972207815,0.3383778170845487,0.993045821479578,1.031200058046168,1.0061605238613311,0.9107528746349979
FinalTrain_4,80,5,0.2472962833471889,1.283679833286702,5.427506312993345,0.34129217248627314,1.0448412850910802,1.012312923016509,0.9677050727942489,0.9185969395406041
FinalTrain_4,80,6,0.21861673283045424,1.2525759271066719,6.195049294391019,0.34005806424802676,0.923668503955224,0.9877843097549613,1.1045552566269252,0.9152753044663026
FinalTrain_4,80,7,0.21902444438080598,1.1872625935903443,6.361770844728368,0.350872499722961,0.9253911091414003,0.9362780619746406,1.1342811161103745,0.944382644543179
FinalTrain_4,80,8,0.2164705787462716,1.180029442754158,6.42465177967724,0.40684943198066803,0.9146008772162783,0.9305739822845738,1.145492563177031,1.0950460432440958
FinalTrain_4,80,9,0.21466868577853182,1.1768660372195023,6.498293538801389,0.4666966717784832,0.9069877738629755,0.9280793132709814,1.1586226269234936,1.2561264774003662
FinalTrain_4,80,10,0.21873183018236042,1.1559346127784667,6.4530067107209605,0.4919282786225978,0.9241547970100509,0.9115727429336162,1.1505481465384082,1.3240380168237547
FinalTrain_4,80,11,0.2088861737484871,1.1694285634893276,6.697100668214639,0.5433895588466598,0.882556321765314,0.9222141040681737,1.1940692310444865,1.4625474182386557
FinalTrain_4,80,12,0.21437035043459626,1.2091984886320046,6.494842897848144,0.35525077727314974,0.9057272895567553,0.9535767601802133,1.1580073899136623,0.9561668947612952
